symbol,timestamp,close,prior_support,breakdown_amount,lookback_bars,prior_window_start,prior_window_end,next_5m_low,min_low_next_6_bars,min_low_next_12_bars,min_low_next_24_bars,close_after_6_bars,close_after_12_bars,close_after_24_bars,did_price_continue_down,did_price_reclaim_above_support,discovery_status,score
SPY,2023-05-15 17:40:00+00:00,411.85,411.98,0.1250,12,2023-05-15 16:40:00+00:00,2023-05-15 17:35:00+00:00,411.66,411.66,411.66,411.66,412.59,412.62,412.51,true,true,candidate_for_manual_review,2.7225
SPY,2023-05-16 13:30:00+00:00,411.98,412.45,0.4700,12,2023-05-15 19:30:00+00:00,2023-05-15 20:45:00+00:00,411.66,411.36,410.73,410.73,411.56,411.47,411.68,true,true,candidate_for_manual_review,7.6550
SPY,2023-05-16 13:50:00+00:00,411.56,411.66,0.0950,12,2023-05-15 19:50:00+00:00,2023-05-16 13:45:00+00:00,411.38,410.73,410.73,410.73,411.09,411.40,411.87,true,false,candidate_for_manual_review,4.3450
SPY,2023-05-16 14:05:00+00:00,411.35,411.36,0.0050,12,2023-05-15 20:10:00+00:00,2023-05-16 14:00:00+00:00,410.73,410.73,410.73,410.73,411.15,411.52,411.94,true,true,candidate_for_manual_review,1.9875
SPY,2023-05-16 14:10:00+00:00,410.84,411.35,0.5050,12,2023-05-15 20:15:00+00:00,2023-05-16 14:05:00+00:00,410.73,410.73,410.73,410.73,411.49,411.41,411.82,true,true,candidate_for_manual_review,6.9725
SPY,2023-05-16 17:25:00+00:00,411.55,411.61,0.0600,12,2023-05-16 16:25:00+00:00,2023-05-16 17:20:00+00:00,411.47,411.38,411.18,411.02,411.86,411.28,411.71,true,true,candidate_for_manual_review,2.1300
SPY,2023-05-16 17:40:00+00:00,411.43,411.47,0.0450,12,2023-05-16 16:40:00+00:00,2023-05-16 17:35:00+00:00,411.38,411.18,411.02,411.02,411.36,411.49,411.39,true,true,candidate_for_manual_review,1.9650
SPY,2023-05-16 19:45:00+00:00,411.07,411.33,0.2600,12,2023-05-16 18:45:00+00:00,2023-05-16 19:40:00+00:00,410.32,410.12,410.12,410.12,410.49,412.02,411.72,true,false,candidate_for_manual_review,6.4150
SPY,2023-05-16 19:50:00+00:00,410.43,411.05,0.6200,12,2023-05-16 18:50:00+00:00,2023-05-16 19:45:00+00:00,410.25,410.12,410.12,410.12,410.95,411.97,411.77,true,false,candidate_for_manual_review,9.5875
SPY,2023-05-16 19:55:00+00:00,410.28,410.32,0.0400,12,2023-05-16 18:55:00+00:00,2023-05-16 19:50:00+00:00,410.12,410.12,410.12,410.12,411.00,411.42,411.62,true,true,candidate_for_manual_review,1.7000
SPY,2023-05-16 20:00:00+00:00,410.14,410.25,0.1100,12,2023-05-16 19:00:00+00:00,2023-05-16 19:55:00+00:00,410.27,410.27,410.27,410.27,410.95,410.99,411.63,false,true,candidate_for_manual_review,1.0700
SPY,2023-05-17 18:30:00+00:00,414.81,415.05,0.2400,12,2023-05-17 17:30:00+00:00,2023-05-17 18:25:00+00:00,414.85,414.46,414.46,414.46,414.89,414.64,415.00,true,true,candidate_for_manual_review,4.2850
SPY,2023-05-17 18:55:00+00:00,414.57,414.67,0.1000,12,2023-05-17 17:55:00+00:00,2023-05-17 18:50:00+00:00,414.46,414.46,414.46,414.46,414.62,415.14,415.00,true,true,candidate_for_manual_review,2.3150
SPY,2023-05-16 13:30:00+00:00,411.98,412.21,0.2300,24,2023-05-15 18:30:00+00:00,2023-05-15 20:45:00+00:00,411.66,411.36,410.73,410.73,411.56,411.47,411.68,true,true,candidate_for_manual_review,4.8950
SPY,2023-05-16 13:50:00+00:00,411.56,411.66,0.0950,24,2023-05-15 18:50:00+00:00,2023-05-16 13:45:00+00:00,411.38,410.73,410.73,410.73,411.09,411.40,411.87,true,false,candidate_for_manual_review,4.3450
SPY,2023-05-16 14:05:00+00:00,411.35,411.36,0.0050,24,2023-05-15 19:05:00+00:00,2023-05-16 14:00:00+00:00,410.73,410.73,410.73,410.73,411.15,411.52,411.94,true,true,candidate_for_manual_review,1.9875
SPY,2023-05-16 14:10:00+00:00,410.84,411.35,0.5050,24,2023-05-15 19:10:00+00:00,2023-05-16 14:05:00+00:00,410.73,410.73,410.73,410.73,411.49,411.41,411.82,true,true,candidate_for_manual_review,6.9725
SPY,2023-05-16 19:50:00+00:00,410.43,411.02,0.5950,24,2023-05-16 17:50:00+00:00,2023-05-16 19:45:00+00:00,410.25,410.12,410.12,410.12,410.95,411.97,411.77,true,false,candidate_for_manual_review,9.3000
SPY,2023-05-16 19:55:00+00:00,410.28,410.32,0.0400,24,2023-05-16 17:55:00+00:00,2023-05-16 19:50:00+00:00,410.12,410.12,410.12,410.12,411.00,411.42,411.62,true,true,candidate_for_manual_review,1.7000
SPY,2023-05-16 20:00:00+00:00,410.14,410.25,0.1100,24,2023-05-16 18:00:00+00:00,2023-05-16 19:55:00+00:00,410.27,410.27,410.27,410.27,410.95,410.99,411.63,false,true,candidate_for_manual_review,1.0700
SPY,2023-05-16 13:50:00+00:00,411.56,411.57,0.0050,48,2023-05-15 16:50:00+00:00,2023-05-16 13:45:00+00:00,411.38,410.73,410.73,410.73,411.09,411.40,411.87,true,false,candidate_for_manual_review,3.3100
SPY,2023-05-16 14:05:00+00:00,411.35,411.36,0.0050,48,2023-05-15 17:05:00+00:00,2023-05-16 14:00:00+00:00,410.73,410.73,410.73,410.73,411.15,411.52,411.94,true,true,candidate_for_manual_review,1.9875
SPY,2023-05-16 14:10:00+00:00,410.84,411.35,0.5050,48,2023-05-15 17:10:00+00:00,2023-05-16 14:05:00+00:00,410.73,410.73,410.73,410.73,411.49,411.41,411.82,true,true,candidate_for_manual_review,6.9725
SPY,2023-05-16 19:50:00+00:00,410.43,411.02,0.5950,48,2023-05-16 15:50:00+00:00,2023-05-16 19:45:00+00:00,410.25,410.12,410.12,410.12,410.95,411.97,411.77,true,false,candidate_for_manual_review,9.3000
SPY,2023-05-16 19:55:00+00:00,410.28,410.32,0.0400,48,2023-05-16 15:55:00+00:00,2023-05-16 19:50:00+00:00,410.12,410.12,410.12,410.12,411.00,411.42,411.62,true,true,candidate_for_manual_review,1.7000
SPY,2023-05-16 20:00:00+00:00,410.14,410.25,0.1100,48,2023-05-16 16:00:00+00:00,2023-05-16 19:55:00+00:00,410.27,410.27,410.27,410.27,410.95,410.99,411.63,false,true,candidate_for_manual_review,1.0700
QQQ,2023-05-15 13:50:00+00:00,324.83,324.94,0.1050,12,2023-05-15 12:35:00+00:00,2023-05-15 13:45:00+00:00,324.54,323.99,323.99,323.99,324.45,325.29,325.86,true,false,candidate_for_manual_review,4.4750
QQQ,2023-05-15 13:55:00+00:00,324.56,324.66,0.1000,12,2023-05-15 12:45:00+00:00,2023-05-15 13:50:00+00:00,324.57,323.99,323.99,323.99,324.29,324.79,326.29,true,true,candidate_for_manual_review,3.0050
QQQ,2023-05-15 14:05:00+00:00,324.03,324.54,0.5100,12,2023-05-15 13:00:00+00:00,2023-05-15 14:00:00+00:00,323.99,323.99,323.99,323.99,324.97,325.18,326.07,true,true,candidate_for_manual_review,6.9250
QQQ,2023-05-15 17:40:00+00:00,325.77,325.87,0.1000,12,2023-05-15 16:40:00+00:00,2023-05-15 17:35:00+00:00,325.68,325.68,325.68,325.68,326.57,326.55,326.50,true,true,candidate_for_manual_review,2.2925
QQQ,2023-05-16 12:30:00+00:00,326.45,326.50,0.0500,12,2023-05-15 19:40:00+00:00,2023-05-16 12:25:00+00:00,326.13,325.96,325.87,325.87,326.12,327.71,327.65,true,false,candidate_for_manual_review,3.3550
QQQ,2023-05-16 12:35:00+00:00,326.13,326.45,0.3200,12,2023-05-15 19:45:00+00:00,2023-05-16 12:30:00+00:00,326.19,325.96,325.87,325.87,326.01,327.01,327.70,true,false,candidate_for_manual_review,5.9800
QQQ,2023-05-16 12:50:00+00:00,326.05,326.13,0.0800,12,2023-05-15 19:55:00+00:00,2023-05-16 12:40:00+00:00,326.09,325.87,325.87,325.87,326.84,327.14,328.09,true,true,candidate_for_manual_review,2.1900
QQQ,2023-05-16 17:25:00+00:00,328.28,328.34,0.0600,12,2023-05-16 16:25:00+00:00,2023-05-16 17:20:00+00:00,328.17,328.17,327.96,327.80,328.65,328.19,328.51,true,true,candidate_for_manual_review,2.0425
QQQ,2023-05-16 18:05:00+00:00,328.15,328.17,0.0150,12,2023-05-16 17:05:00+00:00,2023-05-16 18:00:00+00:00,327.96,327.80,327.80,327.05,327.98,328.27,327.38,true,true,candidate_for_manual_review,2.0850
QQQ,2023-05-16 19:45:00+00:00,327.87,328.06,0.1950,12,2023-05-16 18:45:00+00:00,2023-05-16 19:40:00+00:00,327.20,327.05,327.05,327.05,327.37,327.64,327.79,true,false,candidate_for_manual_review,5.4650
QQQ,2023-05-16 19:50:00+00:00,327.32,327.81,0.4900,12,2023-05-16 18:50:00+00:00,2023-05-16 19:45:00+00:00,327.15,327.05,327.05,327.05,327.46,327.66,327.36,true,false,candidate_for_manual_review,8.0475
QQQ,2023-05-16 19:55:00+00:00,327.16,327.20,0.0450,12,2023-05-16 18:55:00+00:00,2023-05-16 19:50:00+00:00,327.05,327.05,327.05,327.05,327.66,327.68,327.15,true,true,candidate_for_manual_review,1.6825
QQQ,2023-05-16 20:00:00+00:00,327.05,327.15,0.1000,12,2023-05-16 19:00:00+00:00,2023-05-16 19:55:00+00:00,327.25,327.25,327.25,327.08,327.75,327.68,327.25,false,true,candidate_for_manual_review,0.9350
QQQ,2023-05-17 13:50:00+00:00,327.36,327.66,0.3000,12,2023-05-17 12:30:00+00:00,2023-05-17 13:45:00+00:00,327.08,327.08,327.08,327.08,327.93,328.25,328.67,true,true,candidate_for_manual_review,4.8700
QQQ,2023-05-17 13:55:00+00:00,327.15,327.33,0.1800,12,2023-05-17 12:35:00+00:00,2023-05-17 13:50:00+00:00,327.12,327.12,327.12,327.12,328.00,328.48,328.97,true,true,candidate_for_manual_review,3.1150
QQQ,2023-05-16 12:35:00+00:00,326.13,326.19,0.0600,24,2023-05-15 18:45:00+00:00,2023-05-16 12:30:00+00:00,326.19,325.96,325.87,325.87,326.01,327.01,327.70,true,true,candidate_for_manual_review,1.9900
QQQ,2023-05-16 12:50:00+00:00,326.05,326.13,0.0800,24,2023-05-15 18:55:00+00:00,2023-05-16 12:40:00+00:00,326.09,325.87,325.87,325.87,326.84,327.14,328.09,true,true,candidate_for_manual_review,2.1900
QQQ,2023-05-16 18:05:00+00:00,328.15,328.17,0.0150,24,2023-05-16 16:05:00+00:00,2023-05-16 18:00:00+00:00,327.96,327.80,327.80,327.05,327.98,328.27,327.38,true,true,candidate_for_manual_review,2.0850
QQQ,2023-05-16 19:50:00+00:00,327.32,327.80,0.4700,24,2023-05-16 17:50:00+00:00,2023-05-16 19:45:00+00:00,327.15,327.05,327.05,327.05,327.46,327.66,327.36,true,false,candidate_for_manual_review,7.8175
QQQ,2023-05-16 19:55:00+00:00,327.16,327.20,0.0450,24,2023-05-16 17:55:00+00:00,2023-05-16 19:50:00+00:00,327.05,327.05,327.05,327.05,327.66,327.68,327.15,true,true,candidate_for_manual_review,1.6825
QQQ,2023-05-16 20:00:00+00:00,327.05,327.15,0.1000,24,2023-05-16 18:00:00+00:00,2023-05-16 19:55:00+00:00,327.25,327.25,327.25,327.08,327.75,327.68,327.25,false,true,candidate_for_manual_review,0.9350
QQQ,2023-05-16 19:50:00+00:00,327.32,327.80,0.4700,48,2023-05-16 15:50:00+00:00,2023-05-16 19:45:00+00:00,327.15,327.05,327.05,327.05,327.46,327.66,327.36,true,false,candidate_for_manual_review,7.8175
QQQ,2023-05-16 19:55:00+00:00,327.16,327.20,0.0450,48,2023-05-16 15:55:00+00:00,2023-05-16 19:50:00+00:00,327.05,327.05,327.05,327.05,327.66,327.68,327.15,true,true,candidate_for_manual_review,1.6825
QQQ,2023-05-16 20:00:00+00:00,327.05,327.15,0.1000,48,2023-05-16 16:00:00+00:00,2023-05-16 19:55:00+00:00,327.25,327.25,327.25,327.08,327.75,327.68,327.25,false,true,candidate_for_manual_review,0.9350
AAPL,2023-05-15 17:20:00+00:00,171.94,171.97,0.0300,12,2023-05-15 16:20:00+00:00,2023-05-15 17:15:00+00:00,171.88,171.53,171.53,171.53,171.87,171.81,171.80,true,false,candidate_for_manual_review,2.9525
AAPL,2023-05-15 17:25:00+00:00,171.88,171.94,0.0650,12,2023-05-15 16:25:00+00:00,2023-05-15 17:20:00+00:00,171.78,171.53,171.53,171.53,171.87,171.81,171.81,true,false,candidate_for_manual_review,3.2575
AAPL,2023-05-15 17:40:00+00:00,171.72,171.78,0.0550,12,2023-05-15 16:40:00+00:00,2023-05-15 17:35:00+00:00,171.53,171.53,171.53,171.53,171.93,171.81,171.85,true,true,candidate_for_manual_review,1.9175
AAPL,2023-05-16 14:35:00+00:00,171.94,172.12,0.1800,12,2023-05-16 13:35:00+00:00,2023-05-16 14:30:00+00:00,171.88,171.88,171.84,171.84,172.05,171.94,172.24,true,true,candidate_for_manual_review,3.1725
AAPL,2023-05-16 18:05:00+00:00,172.04,172.06,0.0200,12,2023-05-16 17:05:00+00:00,2023-05-16 18:00:00+00:00,171.99,171.83,171.83,171.48,172.03,172.49,171.52,true,false,candidate_for_manual_review,2.7200
AAPL,2023-05-16 18:15:00+00:00,171.91,171.97,0.0600,12,2023-05-16 17:15:00+00:00,2023-05-16 18:10:00+00:00,171.84,171.83,171.83,171.17,172.25,172.41,171.40,true,true,candidate_for_manual_review,2.1400
AAPL,2023-05-16 18:20:00+00:00,171.85,171.91,0.0500,12,2023-05-16 17:20:00+00:00,2023-05-16 18:15:00+00:00,171.83,171.83,171.83,171.01,172.43,172.57,171.01,true,true,candidate_for_manual_review,2.0200
AAPL,2023-05-16 19:50:00+00:00,172.15,172.25,0.1000,12,2023-05-16 18:50:00+00:00,2023-05-16 19:45:00+00:00,172.07,171.01,170.44,170.44,171.01,170.86,170.92,true,false,candidate_for_manual_review,5.1350
AAPL,2023-05-17 12:10:00+00:00,171.73,172.04,0.3150,12,2023-05-16 19:00:00+00:00,2023-05-16 19:55:00+00:00,171.48,170.44,170.44,170.44,170.54,171.04,170.69,true,false,candidate_for_manual_review,7.5650
AAPL,2023-05-17 13:30:00+00:00,171.52,171.73,0.2100,12,2023-05-16 19:05:00+00:00,2023-05-17 12:10:00+00:00,171.50,170.44,170.44,170.44,170.76,170.93,170.86,true,false,candidate_for_manual_review,6.0425
AAPL,2023-05-17 13:40:00+00:00,171.40,171.48,0.0800,12,2023-05-16 19:15:00+00:00,2023-05-17 13:35:00+00:00,171.01,170.44,170.44,170.44,170.64,171.03,171.06,true,false,candidate_for_manual_review,4.3675
AAPL,2023-05-17 13:45:00+00:00,171.01,171.17,0.1550,12,2023-05-16 19:20:00+00:00,2023-05-17 13:40:00+00:00,170.62,170.44,170.44,170.44,170.86,171.05,171.09,true,false,candidate_for_manual_review,4.6525
AAPL,2023-05-17 13:50:00+00:00,170.76,171.01,0.2500,12,2023-05-16 19:25:00+00:00,2023-05-17 13:45:00+00:00,170.44,170.44,170.44,170.44,171.03,170.88,170.95,true,true,candidate_for_manual_review,4.3700
AAPL,2023-05-17 13:55:00+00:00,170.54,170.62,0.0700,12,2023-05-16 19:30:00+00:00,2023-05-17 13:50:00+00:00,170.45,170.45,170.45,170.45,171.04,171.06,171.03,true,true,candidate_for_manual_review,1.9475
AAPL,2023-05-17 15:20:00+00:00,170.68,170.73,0.0550,12,2023-05-17 14:20:00+00:00,2023-05-17 15:15:00+00:00,170.52,170.52,170.52,170.52,170.95,171.01,172.04,true,true,candidate_for_manual_review,1.8650
AAPL,2023-05-15 17:20:00+00:00,171.94,171.97,0.0300,24,2023-05-15 15:20:00+00:00,2023-05-15 17:15:00+00:00,171.88,171.53,171.53,171.53,171.87,171.81,171.80,true,false,candidate_for_manual_review,2.9525
AAPL,2023-05-15 17:25:00+00:00,171.88,171.94,0.0650,24,2023-05-15 15:25:00+00:00,2023-05-15 17:20:00+00:00,171.78,171.53,171.53,171.53,171.87,171.81,171.81,true,false,candidate_for_manual_review,3.2575
AAPL,2023-05-15 17:40:00+00:00,171.72,171.78,0.0550,24,2023-05-15 15:40:00+00:00,2023-05-15 17:35:00+00:00,171.53,171.53,171.53,171.53,171.93,171.81,171.85,true,true,candidate_for_manual_review,1.9175
AAPL,2023-05-16 18:15:00+00:00,171.91,171.97,0.0600,24,2023-05-16 16:15:00+00:00,2023-05-16 18:10:00+00:00,171.84,171.83,171.83,171.17,172.25,172.41,171.40,true,true,candidate_for_manual_review,2.1400
AAPL,2023-05-16 18:20:00+00:00,171.85,171.91,0.0500,24,2023-05-16 16:20:00+00:00,2023-05-16 18:15:00+00:00,171.83,171.83,171.83,171.01,172.43,172.57,171.01,true,true,candidate_for_manual_review,2.0200
AAPL,2023-05-17 12:10:00+00:00,171.73,171.83,0.1000,24,2023-05-16 18:00:00+00:00,2023-05-16 19:55:00+00:00,171.48,170.44,170.44,170.44,170.54,171.04,170.69,true,false,candidate_for_manual_review,5.0925
AAPL,2023-05-17 13:30:00+00:00,171.52,171.73,0.2100,24,2023-05-16 18:05:00+00:00,2023-05-17 12:10:00+00:00,171.50,170.44,170.44,170.44,170.76,170.93,170.86,true,false,candidate_for_manual_review,6.0425
AAPL,2023-05-17 13:40:00+00:00,171.40,171.48,0.0800,24,2023-05-16 18:15:00+00:00,2023-05-17 13:35:00+00:00,171.01,170.44,170.44,170.44,170.64,171.03,171.06,true,false,candidate_for_manual_review,4.3675
AAPL,2023-05-17 13:45:00+00:00,171.01,171.17,0.1550,24,2023-05-16 18:20:00+00:00,2023-05-17 13:40:00+00:00,170.62,170.44,170.44,170.44,170.86,171.05,171.09,true,false,candidate_for_manual_review,4.6525
AAPL,2023-05-17 13:50:00+00:00,170.76,171.01,0.2500,24,2023-05-16 18:25:00+00:00,2023-05-17 13:45:00+00:00,170.44,170.44,170.44,170.44,171.03,170.88,170.95,true,true,candidate_for_manual_review,4.3700
AAPL,2023-05-17 13:55:00+00:00,170.54,170.62,0.0700,24,2023-05-16 18:30:00+00:00,2023-05-17 13:50:00+00:00,170.45,170.45,170.45,170.45,171.04,171.06,171.03,true,true,candidate_for_manual_review,1.9475
AAPL,2023-05-17 12:10:00+00:00,171.73,171.83,0.1000,48,2023-05-16 16:00:00+00:00,2023-05-16 19:55:00+00:00,171.48,170.44,170.44,170.44,170.54,171.04,170.69,true,false,candidate_for_manual_review,5.0925
AAPL,2023-05-17 13:30:00+00:00,171.52,171.73,0.2100,48,2023-05-16 16:05:00+00:00,2023-05-17 12:10:00+00:00,171.50,170.44,170.44,170.44,170.76,170.93,170.86,true,false,candidate_for_manual_review,6.0425
AAPL,2023-05-17 13:40:00+00:00,171.40,171.48,0.0800,48,2023-05-16 16:15:00+00:00,2023-05-17 13:35:00+00:00,171.01,170.44,170.44,170.44,170.64,171.03,171.06,true,false,candidate_for_manual_review,4.3675
AAPL,2023-05-17 13:45:00+00:00,171.01,171.17,0.1550,48,2023-05-16 16:20:00+00:00,2023-05-17 13:40:00+00:00,170.62,170.44,170.44,170.44,170.86,171.05,171.09,true,false,candidate_for_manual_review,4.6525
AAPL,2023-05-17 13:50:00+00:00,170.76,171.01,0.2500,48,2023-05-16 16:25:00+00:00,2023-05-17 13:45:00+00:00,170.44,170.44,170.44,170.44,171.03,170.88,170.95,true,true,candidate_for_manual_review,4.3700
AAPL,2023-05-17 13:55:00+00:00,170.54,170.62,0.0700,48,2023-05-16 16:30:00+00:00,2023-05-17 13:50:00+00:00,170.45,170.45,170.45,170.45,171.04,171.06,171.03,true,true,candidate_for_manual_review,1.9475
MSFT,2023-05-15 16:20:00+00:00,308.99,309.23,0.2400,12,2023-05-15 15:20:00+00:00,2023-05-15 16:15:00+00:00,309.01,308.49,308.49,308.39,308.66,309.31,309.10,true,false,candidate_for_manual_review,5.5600
MSFT,2023-05-15 16:30:00+00:00,308.60,308.99,0.3900,12,2023-05-15 15:30:00+00:00,2023-05-15 16:25:00+00:00,308.72,308.62,308.62,308.39,308.85,309.03,308.75,false,true,candidate_for_manual_review,4.5700
MSFT,2023-05-16 16:55:00+00:00,312.74,312.81,0.0700,12,2023-05-16 15:55:00+00:00,2023-05-16 16:50:00+00:00,312.82,312.70,312.70,312.26,313.08,312.98,313.01,true,true,candidate_for_manual_review,2.0850
MSFT,2023-05-16 17:25:00+00:00,312.70,312.74,0.0400,12,2023-05-16 16:20:00+00:00,2023-05-16 17:20:00+00:00,312.78,312.78,312.56,312.26,313.35,312.84,313.36,false,true,candidate_for_manual_review,0.6000
MSFT,2023-05-16 18:30:00+00:00,312.43,312.56,0.1300,12,2023-05-16 17:30:00+00:00,2023-05-16 18:25:00+00:00,312.27,312.27,312.27,311.50,313.01,313.24,311.61,true,true,candidate_for_manual_review,3.1225
MSFT,2023-05-16 19:50:00+00:00,311.86,312.54,0.6800,12,2023-05-16 18:50:00+00:00,2023-05-16 19:45:00+00:00,311.73,311.50,311.12,310.77,312.05,311.33,311.04,true,true,candidate_for_manual_review,9.7275
MSFT,2023-05-16 19:55:00+00:00,311.75,311.81,0.0650,12,2023-05-16 18:55:00+00:00,2023-05-16 19:50:00+00:00,312.06,311.50,311.12,310.77,311.65,311.25,311.51,true,true,candidate_for_manual_review,2.4825
MSFT,2023-05-17 14:05:00+00:00,311.21,311.50,0.2800,12,2023-05-16 19:35:00+00:00,2023-05-17 14:00:00+00:00,311.18,311.17,311.17,310.77,311.92,311.86,312.28,true,true,candidate_for_manual_review,4.4850
MSFT,2023-05-17 15:20:00+00:00,311.04,311.17,0.1350,12,2023-05-17 14:20:00+00:00,2023-05-17 15:15:00+00:00,311.02,311.02,311.02,311.02,311.87,312.19,313.53,true,true,candidate_for_manual_review,2.5675
MSFT,2023-05-17 18:55:00+00:00,313.20,313.29,0.0900,12,2023-05-17 17:55:00+00:00,2023-05-17 18:50:00+00:00,313.11,313.11,313.11,313.11,313.70,313.97,316.31,true,true,candidate_for_manual_review,2.1700
MSFT,2023-05-16 18:30:00+00:00,312.43,312.56,0.1300,24,2023-05-16 16:25:00+00:00,2023-05-16 18:25:00+00:00,312.27,312.27,312.27,311.50,313.01,313.24,311.61,true,true,candidate_for_manual_review,3.1225
MSFT,2023-05-16 19:50:00+00:00,311.86,312.26,0.4000,24,2023-05-16 17:50:00+00:00,2023-05-16 19:45:00+00:00,311.73,311.50,311.12,310.77,312.05,311.33,311.04,true,true,candidate_for_manual_review,6.5075
MSFT,2023-05-16 19:55:00+00:00,311.75,311.81,0.0650,24,2023-05-16 17:55:00+00:00,2023-05-16 19:50:00+00:00,312.06,311.50,311.12,310.77,311.65,311.25,311.51,true,true,candidate_for_manual_review,2.4825
MSFT,2023-05-17 14:05:00+00:00,311.21,311.50,0.2800,24,2023-05-16 18:35:00+00:00,2023-05-17 14:00:00+00:00,311.18,311.17,311.17,310.77,311.92,311.86,312.28,true,true,candidate_for_manual_review,4.4850
MSFT,2023-05-17 15:20:00+00:00,311.04,311.12,0.0850,24,2023-05-16 19:50:00+00:00,2023-05-17 15:15:00+00:00,311.02,311.02,311.02,311.02,311.87,312.19,313.53,true,true,candidate_for_manual_review,1.9925
MSFT,2023-05-16 19:50:00+00:00,311.86,312.26,0.4000,48,2023-05-16 15:45:00+00:00,2023-05-16 19:45:00+00:00,311.73,311.50,311.12,310.77,312.05,311.33,311.04,true,true,candidate_for_manual_review,6.5075
MSFT,2023-05-16 19:55:00+00:00,311.75,311.81,0.0650,48,2023-05-16 15:50:00+00:00,2023-05-16 19:50:00+00:00,312.06,311.50,311.12,310.77,311.65,311.25,311.51,true,true,candidate_for_manual_review,2.4825
MSFT,2023-05-17 14:05:00+00:00,311.21,311.50,0.2800,48,2023-05-16 16:30:00+00:00,2023-05-17 14:00:00+00:00,311.18,311.17,311.17,310.77,311.92,311.86,312.28,true,true,candidate_for_manual_review,4.4850
MSFT,2023-05-17 15:20:00+00:00,311.04,311.12,0.0850,48,2023-05-16 17:50:00+00:00,2023-05-17 15:15:00+00:00,311.02,311.02,311.02,311.02,311.87,312.19,313.53,true,true,candidate_for_manual_review,1.9925
NVDA,2023-05-16 17:35:00+00:00,295.69,296.15,0.4650,12,2023-05-16 16:35:00+00:00,2023-05-16 17:30:00+00:00,295.68,295.07,294.63,293.16,295.59,295.16,293.42,true,true,candidate_for_manual_review,8.2250
NVDA,2023-05-16 17:55:00+00:00,295.47,295.63,0.1600,12,2023-05-16 16:55:00+00:00,2023-05-16 17:50:00+00:00,295.07,295.07,294.63,291.85,296.39,295.19,292.08,true,true,candidate_for_manual_review,5.0500
NVDA,2023-05-16 18:00:00+00:00,295.29,295.42,0.1350,12,2023-05-16 17:00:00+00:00,2023-05-16 17:55:00+00:00,295.19,295.02,294.63,291.85,295.05,295.01,294.79,true,true,candidate_for_manual_review,4.5350
NVDA,2023-05-16 18:30:00+00:00,295.05,295.07,0.0200,12,2023-05-16 17:30:00+00:00,2023-05-16 18:25:00+00:00,294.63,294.63,293.16,291.85,295.01,293.85,295.41,true,true,candidate_for_manual_review,3.2500
NVDA,2023-05-16 19:05:00+00:00,294.21,294.63,0.4200,12,2023-05-16 18:05:00+00:00,2023-05-16 19:00:00+00:00,294.30,293.16,291.85,291.85,293.42,295.50,297.26,true,true,candidate_for_manual_review,8.0600
NVDA,2023-05-16 19:15:00+00:00,293.85,294.11,0.2600,12,2023-05-16 18:15:00+00:00,2023-05-16 19:10:00+00:00,293.16,292.98,291.85,291.85,292.98,295.28,297.20,true,false,candidate_for_manual_review,6.8600
NVDA,2023-05-16 19:20:00+00:00,293.81,293.85,0.0400,12,2023-05-16 18:20:00+00:00,2023-05-16 19:15:00+00:00,293.79,292.13,291.85,291.85,292.31,295.67,297.27,true,true,candidate_for_manual_review,4.1200
NVDA,2023-05-16 19:45:00+00:00,292.98,293.13,0.1500,12,2023-05-16 18:45:00+00:00,2023-05-16 19:40:00+00:00,292.13,291.85,291.85,291.85,295.28,298.52,297.30,true,true,candidate_for_manual_review,4.4200
NVDA,2023-05-16 19:50:00+00:00,292.31,292.98,0.6700,12,2023-05-16 18:50:00+00:00,2023-05-16 19:45:00+00:00,291.85,291.85,291.85,291.85,295.67,297.57,297.20,true,true,candidate_for_manual_review,9.3950
NVDA,2023-05-16 19:55:00+00:00,292.08,292.13,0.0500,12,2023-05-16 18:55:00+00:00,2023-05-16 19:50:00+00:00,294.79,294.49,294.49,294.49,295.56,297.91,296.99,false,true,candidate_for_manual_review,-3.0400
NVDA,2023-05-16 17:55:00+00:00,295.47,295.63,0.1600,24,2023-05-16 15:55:00+00:00,2023-05-16 17:50:00+00:00,295.07,295.07,294.63,291.85,296.39,295.19,292.08,true,true,candidate_for_manual_review,5.0500
NVDA,2023-05-16 18:00:00+00:00,295.29,295.42,0.1350,24,2023-05-16 16:00:00+00:00,2023-05-16 17:55:00+00:00,295.19,295.02,294.63,291.85,295.05,295.01,294.79,true,true,candidate_for_manual_review,4.5350
NVDA,2023-05-16 18:30:00+00:00,295.05,295.07,0.0200,24,2023-05-16 16:30:00+00:00,2023-05-16 18:25:00+00:00,294.63,294.63,293.16,291.85,295.01,293.85,295.41,true,true,candidate_for_manual_review,3.2500
NVDA,2023-05-16 19:05:00+00:00,294.21,294.63,0.4200,24,2023-05-16 17:05:00+00:00,2023-05-16 19:00:00+00:00,294.30,293.16,291.85,291.85,293.42,295.50,297.26,true,true,candidate_for_manual_review,8.0600
NVDA,2023-05-16 19:15:00+00:00,293.85,294.11,0.2600,24,2023-05-16 17:15:00+00:00,2023-05-16 19:10:00+00:00,293.16,292.98,291.85,291.85,292.98,295.28,297.20,true,false,candidate_for_manual_review,6.8600
NVDA,2023-05-16 19:20:00+00:00,293.81,293.85,0.0400,24,2023-05-16 17:20:00+00:00,2023-05-16 19:15:00+00:00,293.79,292.13,291.85,291.85,292.31,295.67,297.27,true,true,candidate_for_manual_review,4.1200
NVDA,2023-05-16 19:45:00+00:00,292.98,293.13,0.1500,24,2023-05-16 17:45:00+00:00,2023-05-16 19:40:00+00:00,292.13,291.85,291.85,291.85,295.28,298.52,297.30,true,true,candidate_for_manual_review,4.4200
NVDA,2023-05-16 19:50:00+00:00,292.31,292.98,0.6700,24,2023-05-16 17:50:00+00:00,2023-05-16 19:45:00+00:00,291.85,291.85,291.85,291.85,295.67,297.57,297.20,true,true,candidate_for_manual_review,9.3950
NVDA,2023-05-16 19:55:00+00:00,292.08,292.13,0.0500,24,2023-05-16 17:55:00+00:00,2023-05-16 19:50:00+00:00,294.79,294.49,294.49,294.49,295.56,297.91,296.99,false,true,candidate_for_manual_review,-3.0400
NVDA,2023-05-16 19:15:00+00:00,293.85,294.11,0.2600,48,2023-05-16 15:15:00+00:00,2023-05-16 19:10:00+00:00,293.16,292.98,291.85,291.85,292.98,295.28,297.20,true,false,candidate_for_manual_review,6.8600
NVDA,2023-05-16 19:20:00+00:00,293.81,293.85,0.0400,48,2023-05-16 15:20:00+00:00,2023-05-16 19:15:00+00:00,293.79,292.13,291.85,291.85,292.31,295.67,297.27,true,true,candidate_for_manual_review,4.1200
NVDA,2023-05-16 19:45:00+00:00,292.98,293.13,0.1500,48,2023-05-16 15:45:00+00:00,2023-05-16 19:40:00+00:00,292.13,291.85,291.85,291.85,295.28,298.52,297.30,true,true,candidate_for_manual_review,4.4200
NVDA,2023-05-16 19:50:00+00:00,292.31,292.98,0.6700,48,2023-05-16 15:50:00+00:00,2023-05-16 19:45:00+00:00,291.85,291.85,291.85,291.85,295.67,297.57,297.20,true,true,candidate_for_manual_review,9.3950
NVDA,2023-05-16 19:55:00+00:00,292.08,292.13,0.0500,48,2023-05-16 15:55:00+00:00,2023-05-16 19:50:00+00:00,294.79,294.49,294.49,294.49,295.56,297.91,296.99,false,true,candidate_for_manual_review,-3.0400
AMZN,2023-05-15 16:20:00+00:00,110.05,110.18,0.1300,12,2023-05-15 15:20:00+00:00,2023-05-15 16:15:00+00:00,110.00,110.00,110.00,110.00,110.20,110.61,111.28,true,true,candidate_for_manual_review,2.5775
AMZN,2023-05-15 19:10:00+00:00,111.05,111.06,0.0150,12,2023-05-15 18:10:00+00:00,2023-05-15 19:05:00+00:00,110.99,110.93,110.78,110.78,110.94,111.83,113.25,true,true,candidate_for_manual_review,1.4200
AMZN,2023-05-15 19:40:00+00:00,110.94,110.97,0.0300,12,2023-05-15 18:40:00+00:00,2023-05-15 19:35:00+00:00,110.84,110.78,110.78,110.78,111.83,112.53,113.78,true,true,candidate_for_manual_review,1.5850
AMZN,2023-05-16 13:20:00+00:00,110.78,110.84,0.0600,12,2023-05-15 19:00:00+00:00,2023-05-15 19:55:00+00:00,111.02,111.02,111.02,111.02,112.35,112.94,113.34,false,true,candidate_for_manual_review,0.3300
AMZN,2023-05-16 17:25:00+00:00,114.22,114.26,0.0450,12,2023-05-16 16:25:00+00:00,2023-05-16 17:20:00+00:00,114.11,113.98,113.82,113.66,114.25,114.08,114.08,true,true,candidate_for_manual_review,2.0250
AMZN,2023-05-16 17:35:00+00:00,114.01,114.10,0.0900,12,2023-05-16 16:35:00+00:00,2023-05-16 17:30:00+00:00,114.00,113.82,113.66,113.66,113.93,113.81,113.89,true,true,candidate_for_manual_review,2.4000
AMZN,2023-05-16 18:05:00+00:00,113.93,113.98,0.0550,12,2023-05-16 17:05:00+00:00,2023-05-16 18:00:00+00:00,113.85,113.66,113.66,113.24,113.81,113.97,115.47,true,true,candidate_for_manual_review,2.2475
AMZN,2023-05-16 19:40:00+00:00,113.73,113.75,0.0150,12,2023-05-16 18:40:00+00:00,2023-05-16 19:35:00+00:00,113.48,113.24,113.24,113.24,115.48,114.72,114.98,true,true,candidate_for_manual_review,1.9150
AMZN,2023-05-16 19:45:00+00:00,113.52,113.72,0.2000,12,2023-05-16 18:45:00+00:00,2023-05-16 19:40:00+00:00,113.24,113.24,113.24,113.24,115.54,114.91,115.09,true,true,candidate_for_manual_review,3.7200
AMZN,2023-05-16 19:50:00+00:00,113.38,113.48,0.1100,12,2023-05-16 18:50:00+00:00,2023-05-16 19:45:00+00:00,113.34,113.34,113.34,113.34,115.57,115.06,114.91,true,true,candidate_for_manual_review,2.3175
AMZN,2023-05-17 16:05:00+00:00,114.44,114.53,0.0900,12,2023-05-17 15:05:00+00:00,2023-05-17 16:00:00+00:00,114.33,114.22,114.22,114.22,114.65,115.30,115.33,true,true,candidate_for_manual_review,2.3575
AMZN,2023-05-17 16:15:00+00:00,114.22,114.33,0.1050,12,2023-05-17 15:15:00+00:00,2023-05-17 16:10:00+00:00,114.25,114.25,114.25,114.25,114.88,115.30,115.25,false,true,candidate_for_manual_review,1.1775
AMZN,2023-05-16 13:20:00+00:00,110.78,110.84,0.0600,24,2023-05-15 18:00:00+00:00,2023-05-15 19:55:00+00:00,111.02,111.02,111.02,111.02,112.35,112.94,113.34,false,true,candidate_for_manual_review,0.3300
AMZN,2023-05-16 19:45:00+00:00,113.52,113.66,0.1400,24,2023-05-16 17:45:00+00:00,2023-05-16 19:40:00+00:00,113.24,113.24,113.24,113.24,115.54,114.91,115.09,true,true,candidate_for_manual_review,3.0300
AMZN,2023-05-16 19:50:00+00:00,113.38,113.48,0.1100,24,2023-05-16 17:50:00+00:00,2023-05-16 19:45:00+00:00,113.34,113.34,113.34,113.34,115.57,115.06,114.91,true,true,candidate_for_manual_review,2.3175
AMZN,2023-05-17 16:05:00+00:00,114.44,114.53,0.0900,24,2023-05-17 14:05:00+00:00,2023-05-17 16:00:00+00:00,114.33,114.22,114.22,114.22,114.65,115.30,115.33,true,true,candidate_for_manual_review,2.3575
AMZN,2023-05-17 16:15:00+00:00,114.22,114.33,0.1050,24,2023-05-17 14:15:00+00:00,2023-05-17 16:10:00+00:00,114.25,114.25,114.25,114.25,114.88,115.30,115.25,false,true,candidate_for_manual_review,1.1775
AMZN,2023-05-16 19:45:00+00:00,113.52,113.66,0.1400,48,2023-05-16 15:45:00+00:00,2023-05-16 19:40:00+00:00,113.24,113.24,113.24,113.24,115.54,114.91,115.09,true,true,candidate_for_manual_review,3.0300
AMZN,2023-05-16 19:50:00+00:00,113.38,113.48,0.1100,48,2023-05-16 15:50:00+00:00,2023-05-16 19:45:00+00:00,113.34,113.34,113.34,113.34,115.57,115.06,114.91,true,true,candidate_for_manual_review,2.3175
GOOGL,2023-05-15 16:30:00+00:00,116.99,117.10,0.1100,12,2023-05-15 15:30:00+00:00,2023-05-15 16:25:00+00:00,116.89,116.67,116.59,116.52,116.74,116.69,116.86,true,false,candidate_for_manual_review,3.8275
GOOGL,2023-05-15 16:35:00+00:00,116.89,116.99,0.1000,12,2023-05-15 15:35:00+00:00,2023-05-15 16:30:00+00:00,116.79,116.67,116.59,116.52,116.80,116.75,116.70,true,false,candidate_for_manual_review,3.5625
GOOGL,2023-05-15 16:40:00+00:00,116.88,116.89,0.0100,12,2023-05-15 15:40:00+00:00,2023-05-15 16:35:00+00:00,116.76,116.67,116.52,116.52,116.88,116.58,116.61,true,false,candidate_for_manual_review,2.5050
GOOGL,2023-05-15 16:45:00+00:00,116.78,116.79,0.0100,12,2023-05-15 15:45:00+00:00,2023-05-15 16:40:00+00:00,116.70,116.67,116.52,116.52,116.99,116.81,116.66,true,true,candidate_for_manual_review,1.3625
GOOGL,2023-05-15 17:40:00+00:00,116.58,116.59,0.0050,12,2023-05-15 16:40:00+00:00,2023-05-15 17:35:00+00:00,116.58,116.58,116.55,116.52,116.96,116.61,116.67,true,true,candidate_for_manual_review,1.1000
GOOGL,2023-05-15 19:50:00+00:00,116.41,116.52,0.1100,12,2023-05-15 18:50:00+00:00,2023-05-15 19:45:00+00:00,116.33,116.33,116.33,116.33,117.74,118.75,119.50,true,true,candidate_for_manual_review,2.3850
GOOGL,2023-05-16 18:35:00+00:00,119.86,119.88,0.0200,12,2023-05-16 17:35:00+00:00,2023-05-16 18:30:00+00:00,119.83,119.83,119.83,118.89,120.22,120.11,119.10,true,true,candidate_for_manual_review,1.7300
GOOGL,2023-05-16 19:45:00+00:00,119.83,119.97,0.1350,12,2023-05-16 18:45:00+00:00,2023-05-16 19:40:00+00:00,119.61,119.13,118.89,118.89,119.28,119.49,119.49,true,false,candidate_for_manual_review,4.7275
GOOGL,2023-05-16 19:55:00+00:00,119.51,119.61,0.1000,12,2023-05-16 18:55:00+00:00,2023-05-16 19:50:00+00:00,119.13,118.98,118.89,118.89,119.14,119.16,119.27,true,true,candidate_for_manual_review,2.9875
GOOGL,2023-05-17 13:30:00+00:00,119.45,119.47,0.0200,12,2023-05-16 19:00:00+00:00,2023-05-16 19:55:00+00:00,119.36,118.98,118.89,118.89,119.13,119.28,119.50,true,true,candidate_for_manual_review,1.9775
GOOGL,2023-05-17 19:20:00+00:00,121.09,121.11,0.0250,12,2023-05-17 18:20:00+00:00,2023-05-17 19:15:00+00:00,120.92,120.67,120.67,120.67,120.92,121.30,121.72,true,false,candidate_for_manual_review,2.9100
GOOGL,2023-05-17 19:25:00+00:00,121.00,121.08,0.0850,12,2023-05-17 18:25:00+00:00,2023-05-17 19:20:00+00:00,120.80,120.67,120.67,120.67,120.84,121.30,121.72,true,false,candidate_for_manual_review,3.4650
GOOGL,2023-05-17 19:30:00+00:00,120.81,120.92,0.1150,12,2023-05-17 18:30:00+00:00,2023-05-17 19:25:00+00:00,120.69,120.67,120.67,120.67,121.26,121.16,121.72,true,true,candidate_for_manual_review,2.5175
GOOGL,2023-05-17 19:35:00+00:00,120.75,120.80,0.0400,12,2023-05-17 18:35:00+00:00,2023-05-17 19:30:00+00:00,120.67,120.67,120.67,120.67,120.97,121.26,121.72,true,true,candidate_for_manual_review,1.5800
GOOGL,2023-05-15 17:40:00+00:00,116.58,116.59,0.0050,24,2023-05-15 15:40:00+00:00,2023-05-15 17:35:00+00:00,116.58,116.58,116.55,116.52,116.96,116.61,116.67,true,true,candidate_for_manual_review,1.1000
GOOGL,2023-05-15 19:50:00+00:00,116.41,116.52,0.1100,24,2023-05-15 17:50:00+00:00,2023-05-15 19:45:00+00:00,116.33,116.33,116.33,116.33,117.74,118.75,119.50,true,true,candidate_for_manual_review,2.3850
GOOGL,2023-05-16 19:55:00+00:00,119.51,119.61,0.1000,24,2023-05-16 17:55:00+00:00,2023-05-16 19:50:00+00:00,119.13,118.98,118.89,118.89,119.14,119.16,119.27,true,true,candidate_for_manual_review,2.9875
GOOGL,2023-05-17 13:30:00+00:00,119.45,119.47,0.0200,24,2023-05-16 18:00:00+00:00,2023-05-16 19:55:00+00:00,119.36,118.98,118.89,118.89,119.13,119.28,119.50,true,true,candidate_for_manual_review,1.9775
GOOGL,2023-05-17 19:30:00+00:00,120.81,120.88,0.0700,24,2023-05-17 17:30:00+00:00,2023-05-17 19:25:00+00:00,120.69,120.67,120.67,120.67,121.26,121.16,121.72,true,true,candidate_for_manual_review,2.0000
GOOGL,2023-05-17 19:35:00+00:00,120.75,120.80,0.0400,24,2023-05-17 17:35:00+00:00,2023-05-17 19:30:00+00:00,120.67,120.67,120.67,120.67,120.97,121.26,121.72,true,true,candidate_for_manual_review,1.5800
GOOGL,2023-05-15 17:40:00+00:00,116.58,116.59,0.0050,48,2023-05-15 13:40:00+00:00,2023-05-15 17:35:00+00:00,116.58,116.58,116.55,116.52,116.96,116.61,116.67,true,true,candidate_for_manual_review,1.1000
GOOGL,2023-05-15 19:50:00+00:00,116.41,116.52,0.1050,48,2023-05-15 15:50:00+00:00,2023-05-15 19:45:00+00:00,116.33,116.33,116.33,116.33,117.74,118.75,119.50,true,true,candidate_for_manual_review,2.3275
META,2023-05-15 17:40:00+00:00,238.74,238.77,0.0300,12,2023-05-15 16:40:00+00:00,2023-05-15 17:35:00+00:00,238.55,238.55,238.55,238.15,239.43,238.77,239.19,true,true,candidate_for_manual_review,1.8300
META,2023-05-15 18:55:00+00:00,238.62,238.73,0.1100,12,2023-05-15 17:55:00+00:00,2023-05-15 18:50:00+00:00,238.15,238.15,238.15,235.56,239.10,238.89,237.25,true,true,candidate_for_manual_review,4.2650
META,2023-05-16 13:25:00+00:00,235.73,238.15,2.4200,12,2023-05-15 19:00:00+00:00,2023-05-15 19:55:00+00:00,235.56,235.56,235.56,235.56,237.35,237.86,238.40,true,true,candidate_for_manual_review,29.0850
META,2023-05-16 17:25:00+00:00,238.12,238.20,0.0800,12,2023-05-16 16:25:00+00:00,2023-05-16 17:20:00+00:00,238.06,238.06,238.06,238.06,238.55,238.80,239.41,true,true,candidate_for_manual_review,2.0100
META,2023-05-16 19:45:00+00:00,238.66,239.08,0.4200,12,2023-05-16 18:45:00+00:00,2023-05-16 19:40:00+00:00,238.22,237.91,237.91,237.91,240.55,240.66,241.19,true,true,candidate_for_manual_review,6.9550
META,2023-05-16 19:50:00+00:00,238.58,238.66,0.0800,12,2023-05-16 18:50:00+00:00,2023-05-16 19:45:00+00:00,238.66,237.91,237.91,237.91,239.58,240.64,241.04,true,true,candidate_for_manual_review,2.9250
META,2023-05-17 18:35:00+00:00,242.94,242.96,0.0200,12,2023-05-17 17:35:00+00:00,2023-05-17 18:30:00+00:00,242.99,242.42,241.45,241.35,243.16,241.65,242.58,true,true,candidate_for_manual_review,2.5450
META,2023-05-17 18:55:00+00:00,242.78,242.89,0.1100,12,2023-05-17 17:55:00+00:00,2023-05-17 18:50:00+00:00,242.42,242.26,241.45,241.35,242.36,242.46,243.24,true,true,candidate_for_manual_review,3.5000
META,2023-05-17 19:25:00+00:00,242.36,242.42,0.0600,12,2023-05-17 18:25:00+00:00,2023-05-17 19:20:00+00:00,242.26,241.45,241.35,241.35,242.46,242.82,242.97,true,true,candidate_for_manual_review,3.1050
META,2023-05-17 19:35:00+00:00,241.65,242.26,0.6100,12,2023-05-17 18:35:00+00:00,2023-05-17 19:30:00+00:00,241.88,241.35,241.35,241.35,242.99,242.58,242.97,true,true,candidate_for_manual_review,8.4650
META,2023-05-16 13:25:00+00:00,235.73,238.15,2.4200,24,2023-05-15 18:00:00+00:00,2023-05-15 19:55:00+00:00,235.56,235.56,235.56,235.56,237.35,237.86,238.40,true,true,candidate_for_manual_review,29.0850
META,2023-05-17 19:25:00+00:00,242.36,242.42,0.0600,24,2023-05-17 17:25:00+00:00,2023-05-17 19:20:00+00:00,242.26,241.45,241.35,241.35,242.46,242.82,242.97,true,true,candidate_for_manual_review,3.1050
META,2023-05-17 19:35:00+00:00,241.65,242.26,0.6100,24,2023-05-17 17:35:00+00:00,2023-05-17 19:30:00+00:00,241.88,241.35,241.35,241.35,242.99,242.58,242.97,true,true,candidate_for_manual_review,8.4650
META,2023-05-16 13:25:00+00:00,235.73,238.15,2.4200,48,2023-05-15 16:00:00+00:00,2023-05-15 19:55:00+00:00,235.56,235.56,235.56,235.56,237.35,237.86,238.40,true,true,candidate_for_manual_review,29.0850
TSLA,2023-05-15 14:55:00+00:00,164.74,165.21,0.4700,12,2023-05-15 13:55:00+00:00,2023-05-15 14:50:00+00:00,164.65,164.65,164.65,164.65,165.95,167.89,168.19,true,true,candidate_for_manual_review,6.5400
TSLA,2023-05-15 17:35:00+00:00,167.15,167.32,0.1700,12,2023-05-15 16:35:00+00:00,2023-05-15 17:30:00+00:00,167.07,167.07,166.81,165.74,167.47,166.97,165.86,true,true,candidate_for_manual_review,3.7400
TSLA,2023-05-15 18:45:00+00:00,166.76,166.81,0.0450,12,2023-05-15 17:45:00+00:00,2023-05-15 18:40:00+00:00,166.40,165.93,165.70,164.48,166.13,165.99,165.00,true,false,candidate_for_manual_review,4.4950
TSLA,2023-05-15 18:50:00+00:00,166.46,166.59,0.1300,12,2023-05-15 17:50:00+00:00,2023-05-15 18:45:00+00:00,166.51,165.93,165.70,164.48,166.16,166.35,166.48,true,true,candidate_for_manual_review,4.0150
TSLA,2023-05-15 19:05:00+00:00,166.24,166.34,0.1000,12,2023-05-15 18:05:00+00:00,2023-05-15 19:00:00+00:00,165.93,165.74,165.12,164.48,165.86,166.53,167.64,true,false,candidate_for_manual_review,4.5300
TSLA,2023-05-15 19:10:00+00:00,166.02,166.24,0.2200,12,2023-05-15 18:10:00+00:00,2023-05-15 19:05:00+00:00,166.01,165.70,165.12,164.48,165.71,166.16,167.58,true,false,candidate_for_manual_review,5.6200
TSLA,2023-05-15 19:40:00+00:00,165.71,165.74,0.0300,12,2023-05-15 18:40:00+00:00,2023-05-15 19:35:00+00:00,165.70,165.12,164.48,164.48,166.16,165.29,168.64,true,true,candidate_for_manual_review,2.5500
TSLA,2023-05-16 13:50:00+00:00,164.96,165.12,0.1650,12,2023-05-15 19:25:00+00:00,2023-05-16 13:45:00+00:00,164.48,164.48,164.48,164.48,166.28,168.27,169.37,true,true,candidate_for_manual_review,3.6100
TSLA,2023-05-16 18:00:00+00:00,168.14,168.18,0.0400,12,2023-05-16 17:00:00+00:00,2023-05-16 17:55:00+00:00,167.57,166.54,166.54,166.40,166.93,167.65,167.07,true,false,candidate_for_manual_review,4.9300
TSLA,2023-05-16 18:05:00+00:00,167.58,168.10,0.5200,12,2023-05-16 17:05:00+00:00,2023-05-16 18:00:00+00:00,167.08,166.54,166.54,166.40,166.93,167.50,167.74,true,false,candidate_for_manual_review,9.6100
TSLA,2023-05-16 18:10:00+00:00,167.10,167.57,0.4650,12,2023-05-16 17:10:00+00:00,2023-05-16 18:05:00+00:00,166.80,166.54,166.54,166.40,167.03,167.68,167.83,true,false,candidate_for_manual_review,8.2650
TSLA,2023-05-16 18:15:00+00:00,167.07,167.08,0.0100,12,2023-05-16 17:15:00+00:00,2023-05-16 18:10:00+00:00,166.78,166.54,166.54,166.40,166.99,167.62,169.74,true,true,candidate_for_manual_review,1.9800
TSLA,2023-05-16 19:50:00+00:00,166.69,166.92,0.2300,12,2023-05-16 18:50:00+00:00,2023-05-16 19:45:00+00:00,166.40,166.40,166.40,166.40,170.37,171.74,173.08,true,true,candidate_for_manual_review,4.0800
TSLA,2023-05-16 19:55:00+00:00,166.52,166.65,0.1300,12,2023-05-16 18:55:00+00:00,2023-05-16 19:50:00+00:00,167.07,167.07,167.07,167.07,169.95,171.48,173.19,false,true,candidate_for_manual_review,0.6700
TSLA,2023-05-17 16:25:00+00:00,172.63,172.65,0.0150,12,2023-05-17 15:25:00+00:00,2023-05-17 16:20:00+00:00,172.66,172.66,172.66,172.66,172.99,173.45,173.88,false,true,candidate_for_manual_review,0.1350
TSLA,2023-05-18 13:50:00+00:00,172.97,173.25,0.2750,12,2023-05-17 19:30:00+00:00,2023-05-18 13:45:00+00:00,172.83,172.52,172.52,172.52,175.00,175.06,175.06,true,true,candidate_for_manual_review,4.8450
TSLA,2023-05-18 14:00:00+00:00,172.64,172.69,0.0500,12,2023-05-17 19:40:00+00:00,2023-05-18 13:55:00+00:00,172.52,172.52,172.52,172.52,175.06,175.06,175.06,true,true,candidate_for_manual_review,1.7550
TSLA,2023-05-15 18:45:00+00:00,166.76,166.81,0.0450,24,2023-05-15 16:45:00+00:00,2023-05-15 18:40:00+00:00,166.40,165.93,165.70,164.48,166.13,165.99,165.00,true,false,candidate_for_manual_review,4.4950
TSLA,2023-05-15 18:50:00+00:00,166.46,166.59,0.1300,24,2023-05-15 16:50:00+00:00,2023-05-15 18:45:00+00:00,166.51,165.93,165.70,164.48,166.16,166.35,166.48,true,true,candidate_for_manual_review,4.0150
TSLA,2023-05-15 19:05:00+00:00,166.24,166.34,0.1000,24,2023-05-15 17:05:00+00:00,2023-05-15 19:00:00+00:00,165.93,165.74,165.12,164.48,165.86,166.53,167.64,true,false,candidate_for_manual_review,4.5300
TSLA,2023-05-15 19:10:00+00:00,166.02,166.24,0.2200,24,2023-05-15 17:10:00+00:00,2023-05-15 19:05:00+00:00,166.01,165.70,165.12,164.48,165.71,166.16,167.58,true,false,candidate_for_manual_review,5.6200
TSLA,2023-05-15 19:40:00+00:00,165.71,165.74,0.0300,24,2023-05-15 17:40:00+00:00,2023-05-15 19:35:00+00:00,165.70,165.12,164.48,164.48,166.16,165.29,168.64,true,true,candidate_for_manual_review,2.5500
TSLA,2023-05-16 13:50:00+00:00,164.96,165.12,0.1650,24,2023-05-15 18:25:00+00:00,2023-05-16 13:45:00+00:00,164.48,164.48,164.48,164.48,166.28,168.27,169.37,true,true,candidate_for_manual_review,3.6100
TSLA,2023-05-16 18:05:00+00:00,167.58,167.86,0.2800,24,2023-05-16 16:05:00+00:00,2023-05-16 18:00:00+00:00,167.08,166.54,166.54,166.40,166.93,167.50,167.74,true,false,candidate_for_manual_review,6.8500
TSLA,2023-05-16 18:10:00+00:00,167.10,167.57,0.4650,24,2023-05-16 16:10:00+00:00,2023-05-16 18:05:00+00:00,166.80,166.54,166.54,166.40,167.03,167.68,167.83,true,false,candidate_for_manual_review,8.2650
TSLA,2023-05-16 18:15:00+00:00,167.07,167.08,0.0100,24,2023-05-16 16:15:00+00:00,2023-05-16 18:10:00+00:00,166.78,166.54,166.54,166.40,166.99,167.62,169.74,true,true,candidate_for_manual_review,1.9800
TSLA,2023-05-16 19:55:00+00:00,166.52,166.54,0.0200,24,2023-05-16 17:55:00+00:00,2023-05-16 19:50:00+00:00,167.07,167.07,167.07,167.07,169.95,171.48,173.19,false,true,candidate_for_manual_review,-0.5950
TSLA,2023-05-18 13:50:00+00:00,172.97,173.22,0.2450,24,2023-05-17 18:30:00+00:00,2023-05-18 13:45:00+00:00,172.83,172.52,172.52,172.52,175.00,175.06,175.06,true,true,candidate_for_manual_review,4.5000
TSLA,2023-05-18 14:00:00+00:00,172.64,172.69,0.0500,24,2023-05-17 18:40:00+00:00,2023-05-18 13:55:00+00:00,172.52,172.52,172.52,172.52,175.06,175.06,175.06,true,true,candidate_for_manual_review,1.7550
TSLA,2023-05-15 19:40:00+00:00,165.71,165.74,0.0300,48,2023-05-15 15:40:00+00:00,2023-05-15 19:35:00+00:00,165.70,165.12,164.48,164.48,166.16,165.29,168.64,true,true,candidate_for_manual_review,2.5500
TSLA,2023-05-16 13:50:00+00:00,164.96,165.12,0.1650,48,2023-05-15 16:25:00+00:00,2023-05-16 13:45:00+00:00,164.48,164.48,164.48,164.48,166.28,168.27,169.37,true,true,candidate_for_manual_review,3.6100
TSLA,2023-05-16 19:55:00+00:00,166.52,166.54,0.0200,48,2023-05-16 15:55:00+00:00,2023-05-16 19:50:00+00:00,167.07,167.07,167.07,167.07,169.95,171.48,173.19,false,true,candidate_for_manual_review,-0.5950
TSLA,2023-05-18 14:00:00+00:00,172.64,172.69,0.0500,48,2023-05-17 16:40:00+00:00,2023-05-18 13:55:00+00:00,172.52,172.52,172.52,172.52,175.06,175.06,175.06,true,true,candidate_for_manual_review,1.7550
AVGO,2023-05-15 14:45:00+00:00,628.83,628.98,0.1500,12,2023-05-15 13:35:00+00:00,2023-05-15 14:40:00+00:00,628.88,628.88,628.88,628.88,633.02,634.84,638.27,false,true,candidate_for_manual_review,1.6500
AVGO,2023-05-16 17:10:00+00:00,644.08,644.36,0.2800,12,2023-05-16 16:00:00+00:00,2023-05-16 17:05:00+00:00,643.70,643.40,643.40,643.40,643.40,644.01,646.73,true,true,candidate_for_manual_review,5.2400
AVGO,2023-05-16 17:40:00+00:00,643.40,643.65,0.2500,12,2023-05-16 16:35:00+00:00,2023-05-16 17:35:00+00:00,643.95,643.95,643.95,641.38,644.01,645.60,641.50,false,true,candidate_for_manual_review,3.3350
AVGO,2023-05-16 19:50:00+00:00,642.30,644.34,2.0400,12,2023-05-16 18:40:00+00:00,2023-05-16 19:45:00+00:00,641.38,641.38,641.38,641.38,645.01,650.07,652.82,true,true,candidate_for_manual_review,25.8400
AVGO,2023-05-16 19:55:00+00:00,641.50,642.30,0.8000,12,2023-05-16 18:45:00+00:00,2023-05-16 19:50:00+00:00,647.45,645.01,645.01,645.01,646.04,650.27,654.72,false,true,candidate_for_manual_review,3.9350
AVGO,2023-05-17 16:10:00+00:00,651.89,652.49,0.5950,12,2023-05-17 15:10:00+00:00,2023-05-17 16:05:00+00:00,651.47,651.16,651.16,651.16,654.61,657.44,659.46,true,true,candidate_for_manual_review,8.9375
AVGO,2023-05-17 16:15:00+00:00,651.73,651.86,0.1300,12,2023-05-17 15:15:00+00:00,2023-05-17 16:10:00+00:00,651.16,651.16,651.16,651.16,655.26,657.49,659.91,true,true,candidate_for_manual_review,3.3500
AVGO,2023-05-17 19:00:00+00:00,657.86,658.26,0.4000,12,2023-05-17 18:00:00+00:00,2023-05-17 18:55:00+00:00,658.90,657.79,656.22,656.22,657.79,659.65,667.48,true,true,candidate_for_manual_review,6.4900
AVGO,2023-05-17 19:30:00+00:00,657.79,657.86,0.0700,12,2023-05-17 18:30:00+00:00,2023-05-17 19:25:00+00:00,657.10,656.22,656.22,656.22,659.65,662.93,672.43,true,true,candidate_for_manual_review,4.1600
AVGO,2023-05-17 19:35:00+00:00,657.22,657.79,0.5750,12,2023-05-17 18:35:00+00:00,2023-05-17 19:30:00+00:00,657.23,656.22,656.22,656.22,662.17,665.42,672.82,true,true,candidate_for_manual_review,9.1050
AVGO,2023-05-17 19:55:00+00:00,656.90,657.07,0.1650,12,2023-05-17 18:55:00+00:00,2023-05-17 19:50:00+00:00,656.22,656.22,656.22,656.22,663.30,666.71,672.98,true,true,candidate_for_manual_review,3.9250
AVGO,2023-05-18 16:15:00+00:00,670.27,670.99,0.7200,12,2023-05-18 15:15:00+00:00,2023-05-18 16:10:00+00:00,669.92,669.11,669.11,669.11,669.40,669.40,669.40,true,false,candidate_for_manual_review,12.0200
AVGO,2023-05-18 16:20:00+00:00,669.92,670.00,0.0800,12,2023-05-18 15:20:00+00:00,2023-05-18 16:15:00+00:00,669.11,669.11,669.11,669.11,669.40,669.40,669.40,true,true,candidate_for_manual_review,3.1350
AVGO,2023-05-18 16:25:00+00:00,669.11,669.92,0.8100,12,2023-05-18 15:25:00+00:00,2023-05-18 16:20:00+00:00,669.45,669.25,669.25,669.25,669.40,669.40,669.40,false,true,candidate_for_manual_review,9.1050
AVGO,2023-05-16 19:50:00+00:00,642.30,643.40,1.1000,24,2023-05-16 17:35:00+00:00,2023-05-16 19:45:00+00:00,641.38,641.38,641.38,641.38,645.01,650.07,652.82,true,true,candidate_for_manual_review,15.0300
AVGO,2023-05-16 19:55:00+00:00,641.50,642.30,0.8000,24,2023-05-16 17:40:00+00:00,2023-05-16 19:50:00+00:00,647.45,645.01,645.01,645.01,646.04,650.27,654.72,false,true,candidate_for_manual_review,3.9350
AVGO,2023-05-17 19:30:00+00:00,657.79,657.86,0.0700,24,2023-05-17 17:30:00+00:00,2023-05-17 19:25:00+00:00,657.10,656.22,656.22,656.22,659.65,662.93,672.43,true,true,candidate_for_manual_review,4.1600
AVGO,2023-05-17 19:35:00+00:00,657.22,657.79,0.5750,24,2023-05-17 17:35:00+00:00,2023-05-17 19:30:00+00:00,657.23,656.22,656.22,656.22,662.17,665.42,672.82,true,true,candidate_for_manual_review,9.1050
AVGO,2023-05-17 19:55:00+00:00,656.90,657.07,0.1650,24,2023-05-17 17:55:00+00:00,2023-05-17 19:50:00+00:00,656.22,656.22,656.22,656.22,663.30,666.71,672.98,true,true,candidate_for_manual_review,3.9250
AVGO,2023-05-16 19:50:00+00:00,642.30,643.16,0.8600,48,2023-05-16 15:20:00+00:00,2023-05-16 19:45:00+00:00,641.38,641.38,641.38,641.38,645.01,650.07,652.82,true,true,candidate_for_manual_review,12.2700
AVGO,2023-05-16 19:55:00+00:00,641.50,642.30,0.8000,48,2023-05-16 15:30:00+00:00,2023-05-16 19:50:00+00:00,647.45,645.01,645.01,645.01,646.04,650.27,654.72,false,true,candidate_for_manual_review,3.9350
IWM,2023-05-16 13:05:00+00:00,173.69,174.72,1.0300,12,2023-05-15 19:05:00+00:00,2023-05-15 20:00:00+00:00,173.39,172.61,172.25,172.25,172.86,172.74,173.00,true,false,candidate_for_manual_review,15.6450
IWM,2023-05-16 13:30:00+00:00,173.55,173.69,0.1400,12,2023-05-15 19:10:00+00:00,2023-05-16 13:05:00+00:00,173.08,172.61,172.25,172.25,172.68,172.78,172.98,true,false,candidate_for_manual_review,5.2000
IWM,2023-05-16 13:35:00+00:00,173.11,173.39,0.2800,12,2023-05-15 19:15:00+00:00,2023-05-16 13:30:00+00:00,173.05,172.60,172.25,172.25,172.61,172.73,172.75,true,true,candidate_for_manual_review,5.1600
IWM,2023-05-16 13:50:00+00:00,172.77,173.05,0.2800,12,2023-05-15 19:30:00+00:00,2023-05-16 13:45:00+00:00,172.61,172.25,172.25,172.25,172.39,173.03,173.19,true,false,candidate_for_manual_review,6.0000
IWM,2023-05-16 14:10:00+00:00,172.33,172.60,0.2700,12,2023-05-15 19:50:00+00:00,2023-05-16 14:05:00+00:00,172.25,172.25,172.25,172.25,172.80,172.87,172.94,true,true,candidate_for_manual_review,4.2250
IWM,2023-05-16 17:35:00+00:00,172.73,172.79,0.0600,12,2023-05-16 16:35:00+00:00,2023-05-16 17:30:00+00:00,172.59,172.55,172.55,172.55,172.60,172.68,172.88,true,true,candidate_for_manual_review,1.9600
IWM,2023-05-16 17:40:00+00:00,172.59,172.73,0.1450,12,2023-05-16 16:40:00+00:00,2023-05-16 17:35:00+00:00,172.59,172.55,172.55,172.55,172.63,172.75,172.75,true,true,candidate_for_manual_review,2.7200
IWM,2023-05-16 19:50:00+00:00,172.47,172.61,0.1350,12,2023-05-16 18:50:00+00:00,2023-05-16 19:45:00+00:00,172.23,172.16,172.16,172.16,172.69,172.79,173.45,true,true,candidate_for_manual_review,3.0250
IWM,2023-05-16 19:55:00+00:00,172.25,172.43,0.1800,12,2023-05-16 18:55:00+00:00,2023-05-16 19:50:00+00:00,172.16,172.16,172.16,172.16,172.87,172.44,173.66,true,true,candidate_for_manual_review,3.2050
IWM,2023-05-17 18:30:00+00:00,175.71,175.81,0.0950,12,2023-05-17 17:30:00+00:00,2023-05-17 18:25:00+00:00,175.72,175.72,175.72,175.03,176.11,175.93,175.68,false,true,candidate_for_manual_review,1.4250
IWM,2023-05-18 13:30:00+00:00,175.12,175.85,0.7300,12,2023-05-17 19:20:00+00:00,2023-05-18 12:50:00+00:00,175.13,175.13,175.13,175.13,175.68,175.68,175.68,false,false,candidate_for_manual_review,9.3800
IWM,2023-05-16 13:05:00+00:00,173.69,174.59,0.9000,24,2023-05-15 18:05:00+00:00,2023-05-15 20:00:00+00:00,173.39,172.61,172.25,172.25,172.86,172.74,173.00,true,false,candidate_for_manual_review,14.1500
IWM,2023-05-16 13:30:00+00:00,173.55,173.69,0.1400,24,2023-05-15 18:10:00+00:00,2023-05-16 13:05:00+00:00,173.08,172.61,172.25,172.25,172.68,172.78,172.98,true,false,candidate_for_manual_review,5.2000
IWM,2023-05-16 13:35:00+00:00,173.11,173.39,0.2800,24,2023-05-15 18:15:00+00:00,2023-05-16 13:30:00+00:00,173.05,172.60,172.25,172.25,172.61,172.73,172.75,true,true,candidate_for_manual_review,5.1600
IWM,2023-05-16 13:50:00+00:00,172.77,173.05,0.2800,24,2023-05-15 18:30:00+00:00,2023-05-16 13:45:00+00:00,172.61,172.25,172.25,172.25,172.39,173.03,173.19,true,false,candidate_for_manual_review,6.0000
IWM,2023-05-16 14:10:00+00:00,172.33,172.60,0.2700,24,2023-05-15 18:50:00+00:00,2023-05-16 14:05:00+00:00,172.25,172.25,172.25,172.25,172.80,172.87,172.94,true,true,candidate_for_manual_review,4.2250
IWM,2023-05-16 17:40:00+00:00,172.59,172.65,0.0650,24,2023-05-16 15:40:00+00:00,2023-05-16 17:35:00+00:00,172.59,172.55,172.55,172.55,172.63,172.75,172.75,true,true,candidate_for_manual_review,1.8000
IWM,2023-05-16 19:50:00+00:00,172.47,172.55,0.0750,24,2023-05-16 17:50:00+00:00,2023-05-16 19:45:00+00:00,172.23,172.16,172.16,172.16,172.69,172.79,173.45,true,true,candidate_for_manual_review,2.3350
IWM,2023-05-16 19:55:00+00:00,172.25,172.43,0.1800,24,2023-05-16 17:55:00+00:00,2023-05-16 19:50:00+00:00,172.16,172.16,172.16,172.16,172.87,172.44,173.66,true,true,candidate_for_manual_review,3.2050
IWM,2023-05-18 13:30:00+00:00,175.12,175.69,0.5650,24,2023-05-17 18:20:00+00:00,2023-05-18 12:50:00+00:00,175.13,175.13,175.13,175.13,175.68,175.68,175.68,false,false,candidate_for_manual_review,7.4825
IWM,2023-05-16 13:05:00+00:00,173.69,174.17,0.4800,48,2023-05-15 16:05:00+00:00,2023-05-15 20:00:00+00:00,173.39,172.61,172.25,172.25,172.86,172.74,173.00,true,false,candidate_for_manual_review,9.3200
IWM,2023-05-16 13:30:00+00:00,173.55,173.69,0.1400,48,2023-05-15 16:10:00+00:00,2023-05-16 13:05:00+00:00,173.08,172.61,172.25,172.25,172.68,172.78,172.98,true,false,candidate_for_manual_review,5.2000
IWM,2023-05-16 13:35:00+00:00,173.11,173.39,0.2800,48,2023-05-15 16:15:00+00:00,2023-05-16 13:30:00+00:00,173.05,172.60,172.25,172.25,172.61,172.73,172.75,true,true,candidate_for_manual_review,5.1600
IWM,2023-05-16 13:50:00+00:00,172.77,173.05,0.2800,48,2023-05-15 16:30:00+00:00,2023-05-16 13:45:00+00:00,172.61,172.25,172.25,172.25,172.39,173.03,173.19,true,false,candidate_for_manual_review,6.0000
IWM,2023-05-16 14:10:00+00:00,172.33,172.60,0.2700,48,2023-05-15 16:50:00+00:00,2023-05-16 14:05:00+00:00,172.25,172.25,172.25,172.25,172.80,172.87,172.94,true,true,candidate_for_manual_review,4.2250
IWM,2023-05-16 19:50:00+00:00,172.47,172.55,0.0750,48,2023-05-16 15:50:00+00:00,2023-05-16 19:45:00+00:00,172.23,172.16,172.16,172.16,172.69,172.79,173.45,true,true,candidate_for_manual_review,2.3350
IWM,2023-05-16 19:55:00+00:00,172.25,172.43,0.1800,48,2023-05-16 15:55:00+00:00,2023-05-16 19:50:00+00:00,172.16,172.16,172.16,172.16,172.87,172.44,173.66,true,true,candidate_for_manual_review,3.2050
